name,slug,addedAt,company,companySummary,category,goals,audience,difficulty,pricing,featured,officialUrl,affiliateUrl,affiliateProgramUrl,partnerStatus,summary,whatFor,who,useCase,why,watchOuts,firstPrompt,reviewedAt,tags
"Adobe Firefly","adobe-firefly","2026-03-26","Adobe","Adobe brings Firefly into its creative ecosystem for image, design, and generative workflows that need stronger brand and editing control.","Design","Design | Video | Presentations","Designer | Marketer | Creator | Team","Medium","Free to try","true","https://firefly.adobe.com/","","","No public affiliate program confirmed","A strong design-first AI option for generating and editing creative assets inside a more professional Adobe workflow.","Use Adobe Firefly when you want generative design help but still need more control over final creative assets and editing.","Best for designers, marketers, and creative teams already working in Adobe tools or needing more polished handoff quality.","Create a campaign visual direction, expand the image set, and prepare assets that can move into production quickly.","It is more useful than beginner-first image tools when the work has to survive real brand review and production edits.","If you want the quickest possible one-off social graphic, a simpler tool may get you there faster.","Create 3 visual directions for this campaign with different moods, then suggest which one fits a premium brand best.","March 26, 2026","design | generative image | creative workflow | brand assets | adobe"
"Canva AI","canva-ai","2026-03-26","Canva","Canva makes design and brand asset creation accessible for non-designers, marketers, and small teams.","Design","Design | Presentations | Productivity","Creator | Marketer | Solo business | Team","Easy","Free to try","true","https://www.canva.com/magic/","","","No public affiliate program confirmed","The easiest design tool for non-designers who need social posts, decks, visuals, and quick brand assets.","Use Canva AI to turn prompts into designs, images, presentations, website pieces, and marketing visuals.","Best for business owners and marketers who need 'good enough fast' more than agency-level perfection.","Generate a launch deck, social graphics, and landing-page visuals from the same campaign idea.","It keeps AI design practical by embedding generation inside familiar layout tools.","If you need highly specific cinematic imagery or advanced motion work, specialized tools may be better.","Create 3 visual directions for this brand: one clean, one playful, and one premium.","March 25, 2026","design | presentations | graphics | social media | templates"
"ChatGPT","chatgpt","2026-03-26","OpenAI","OpenAI is one of the most recognizable AI companies for general-purpose assistants, multimodal work, and business productivity.","Assistant","Writing | Research | Productivity","Solo business | Student | Team | Creator","Easy","Free to try","true","https://chatgpt.com/","","","No public affiliate program found","A flexible all-purpose AI assistant for thinking, writing, planning, and working with files.","Use ChatGPT when you want one assistant that can handle everyday work across writing, brainstorming, analysis, and structured tasks.","Best for people who want one place to start before buying niche tools.","Upload a spreadsheet of leads and ask for cleanup, segmentation, and a short outreach plan.","It is still one of the safest general recommendations because it can help across many jobs without forcing a complicated workflow.","A specialist tool can beat it for heavy web research, advanced automation, or highly polished media generation.","I uploaded a file. Tell me the 3 biggest things I should know, then suggest the best next step.","March 25, 2026","general | analysis | brainstorming | files | writing | voice"
"Claude","claude","2026-03-26","Anthropic","Anthropic focuses on assistant-style AI for careful writing, long documents, and thoughtful reasoning.","Assistant","Writing | Research | Productivity","Team | Developer | Writer | Solo business","Easy","Free to try","true","https://claude.ai/","","","No public affiliate program found","Especially good for careful writing, long documents, code review, and slower, more deliberate thinking.","Use Claude when you need help understanding complex material, improving drafts, or working through code and technical problems.","Best for writers, analysts, consultants, and developers who care about clarity and nuance.","Paste a long proposal and ask for weak points, missing risks, and a stronger executive summary.","It shines when the work benefits from calm reasoning and thoughtful structure.","If your biggest need is live web research or workflow automation, you may pair it with another tool.","Review this draft like a sharp editor. Show what is unclear, what is repetitive, and how to tighten it.","March 25, 2026","writing | analysis | long docs | editing | code"
"ClickUp Brain","clickup-brain","2026-03-28","ClickUp","ClickUp layers AI into task management, docs, search, notes, and work coordination for teams that want one operating system.","Workspace","Productivity | Writing | Meetings","Team | Operator | Founder | Marketer","Medium","Free to try","true","https://clickup.com/ai","","","No public affiliate program confirmed","A workspace AI layer that helps across docs, tasks, meeting notes, summaries, and finding answers inside your work system.","Use ClickUp Brain when you want AI embedded directly in the place your team already manages work instead of using a separate tool for every step.","Best for teams and operators who already run projects, docs, and handoffs inside ClickUp or want one hub for them.","Summarize a project thread, generate an update for leadership, and turn the next steps into assigned tasks.","It becomes useful when AI needs to live inside the operating system for work, not beside it.","If you do not want to maintain a structured workspace, the value can feel heavier and slower to unlock.","Summarize the current project status, list the blockers, then turn the next steps into assigned action items with owners and due dates.","March 26, 2026","workspace | tasks | project management | docs | team coordination"
"Descript","descript","2026-03-26","Descript","Descript blends editing, transcription, and AI cleanup tools for creators making spoken content.","Video","Video | Meetings | Writing","Creator | Podcaster | Marketer | Team","Easy","Free to try","true","https://www.descript.com/","","https://www.descript.com/affiliate","Public affiliate program available","Best for editing spoken content because it lets you edit audio and video like a document.","Use Descript to record, transcribe, cut filler words, add captions, and publish polished content quickly.","Best for podcasters, educators, teams, and founders who make talking-head or interview content.","Drop in a webinar recording and turn it into cleaned-up clips with captions for social media.","It reduces editing friction for people who hate traditional timeline tools.","It is an editor first, not a full video-generation studio.","Transcribe this video, cut filler words, then find 5 clip-worthy moments with strong hooks.","March 25, 2026","editing | podcast | captions | transcription | social clips"
"ElevenLabs","elevenlabs","2026-03-26","ElevenLabs","ElevenLabs builds AI voice products for narration, dubbing, voice agents, and speech workflows.","Voice","Voice | Video | Support","Creator | Agency | Support team | Developer","Medium","Free to try","true","https://elevenlabs.io/","","https://elevenlabs.io/affiliates","Public affiliate program available","One of the strongest voice tools for realistic narration, multilingual audio, and voice agents.","Use ElevenLabs for text-to-speech, voice cloning, speech-to-text, and voice experiences across channels.","Best for creators, media teams, customer support, and builders adding spoken AI to products.","Create voiceovers for the same product demo in multiple languages without booking a new recording session each time.","It combines creative voice tools with more advanced agent and API options.","Voice cloning and agent use need clear consent, review, and quality control.","Create a clear, friendly product voiceover in 3 tones: tutorial, premium brand, and upbeat social.","March 25, 2026","voice | text to speech | speech to text | multilingual | voice agents"
"Fathom","fathom","2026-03-26","Fathom","Fathom focuses on AI meeting notes, follow-up, and lightweight call intelligence for teams that live in Zoom and sales conversations.","Meetings","Meetings | Productivity | Sales","Team | Founder | Operator | Marketer","Easy","Free to try","true","https://www.fathom.video/","","","No public affiliate program confirmed","A very approachable AI meeting assistant for notes, action items, summaries, and cleaner post-call follow-up.","Use Fathom when your biggest problem is losing time after meetings and you want the notes, highlights, and next steps handled fast.","Best for founders, account teams, operators, and anyone who wants meeting follow-up without a lot of setup.","Turn a customer call into a clean summary, a short follow-up email, and a list of next actions for the owner.","It is one of the easiest meeting-note tools to start using well on day one.","If you need deeper conversation intelligence, coaching, or a larger system around calls, a heavier platform may fit better.","Summarize this call into the top decisions, risks, next actions, and one short follow-up email I can send today.","March 26, 2026","meeting notes | follow-up | zoom | summaries | calls"
"Fireflies","fireflies","2026-03-26","Fireflies.ai","Fireflies focuses on meeting transcription, summaries, action items, and conversation intelligence.","Meetings","Meetings | Productivity | Sales","Team | Operator | Support team | Founder","Easy","Free to try","true","https://fireflies.ai/","","https://fireflies.ai/partnership/affiliate","Public affiliate program available","A strong meeting assistant for recording calls, pulling summaries, and keeping follow-ups from slipping.","Use Fireflies when you want automatic notes, searchable transcripts, and meeting follow-up help without manual admin work.","Best for sales teams, operators, agencies, and client-facing teams in lots of calls.","After every discovery call, create a summary, action list, and CRM-ready handoff without doing it by hand.","It solves a real pain fast: people forget details, and meetings rarely turn into clean follow-up by themselves.","It works best when your team is comfortable with meeting recording, permissions, and review workflows.","Summarize this meeting into decisions, risks, action items, owners, and next steps I can send to the team.","March 25, 2026","meetings | transcription | notes | sales | follow-up"
"HeyGen","heygen","2026-03-29","HeyGen","HeyGen focuses on AI avatar video, talking-head content, translation, and business-friendly video creation at scale.","Video","Video | Training | Sales","Marketer | Agency | Educator | Founder","Easy","Free to try","true","https://www.heygen.com/","","https://www.heygen.com/affiliate-program","Public affiliate program available","A strong option for avatar-led videos, translated talking-head content, and business videos that need to look polished fast.","Use HeyGen when you want presenter-style videos without filming each version by hand, especially for sales, onboarding, or multilingual content.","Best for marketers, agencies, educators, and founders creating repeatable video messages at scale.","Create a personalized sales intro or onboarding explainer in multiple languages without re-recording the presenter.","It is one of the most practical choices when the output needs to look like a human-delivered video, not just a generated clip.","If you want authentic personality from a real recorded person, avatar video may still feel less natural.","Turn this outline into a 90-second presenter-style script with a strong opening, clear benefit, and one call to action.","March 26, 2026","avatar video | translation | sales video | training video | talking head"
"Loom","loom","2026-03-27","Loom","Loom helps teams explain work through video, then uses AI to summarize, title, document, and share those recordings faster.","Video","Video | Training | Meetings","Team | Founder | Educator | Creator","Easy","Free to try","true","https://www.loom.com/","","","No public affiliate program confirmed","A strong first pick for async explanation because it makes screen recording, sharing, and AI summaries feel simple.","Use Loom when you need to explain something once on video instead of repeating the same instructions in meetings or long messages.","Best for teams, founders, educators, and anyone creating walkthroughs, updates, or internal training quickly.","Record a product walkthrough once, then turn it into a shareable update, a summary, and a reusable SOP.","It is one of the easiest tools for replacing repeated meetings with clearer async communication.","If you need polished editing, avatars, or full production features, you will probably want a more video-first tool afterward.","Turn this walkthrough into a short summary, a step-by-step SOP, and 5 FAQ answers for the team.","March 26, 2026","screen recording | async video | walkthroughs | training | sops"
"Perplexity","perplexity","2026-03-26","Perplexity","Perplexity is known for research-first AI experiences that combine answers with current web sources.","Research","Research | Productivity","Student | Analyst | Marketer | Solo business","Easy","Free to try","true","https://www.perplexity.ai/","","","No public affiliate program found","One of the easiest tools for fast research because it answers questions with cited web sources.","Use Perplexity when you need current information, quick market scans, or a research starting point with links to sources.","Best for people who regularly ask, 'Can you find me the latest on this?'","Research competitors in a niche and collect source-backed notes before writing a strategy memo.","It saves time by combining search, summarizing, and citations in one step.","It is best as a research front end. You may still want another tool to turn the findings into polished deliverables.","Research the top 5 competitors in this niche and give me a table with pricing, positioning, and source links.","March 25, 2026","research | citations | web | competitive analysis | current info"
"VEED","veed","2026-03-27","VEED","VEED combines editing, captions, dubbing, avatars, and AI creation tools inside a browser-first video workflow.","Video","Video | Training | Voice","Creator | Marketer | Educator | Team","Easy","Free to try","true","https://www.veed.io/","","https://www.veed.io/affiliate","Public affiliate program available","A browser-based AI video platform for captions, edits, talking-head polish, dubbing, and faster content publishing.","Use VEED when the job is getting videos edited, captioned, repurposed, or localized without opening a heavy desktop editor.","Best for creators, marketers, trainers, and teams that need practical video output more than cinematic experimentation.","Turn one webinar clip into a captioned social cut, a training edit, and a dubbed version for another market.","It bundles many of the everyday AI video tasks people actually need into one easier workflow.","If you need highly stylized generation or a completely different presenter, avatar-first tools may be a better fit.","Turn this raw video into a 60-second highlight with captions, 3 hook options, and a cleaner intro.","March 26, 2026","video editing | captions | dubbing | browser editor | repurposing"
"Zapier","zapier","2026-03-26","Zapier","Zapier is a workflow automation company that helps teams connect apps and operational processes.","Automation","Automation | Sales | Productivity","Solo business | Operator | Team | Marketer","Medium","Free to try","true","https://zapier.com/","","https://zapier.com/l/partners","Creator and partner program available","The easiest way to connect apps and let AI actually trigger work, not just answer questions.","Use Zapier to move data between apps, create AI-assisted workflows, and automate repetitive business steps.","Best for operations, marketing, support, and founders who want less manual work.","When a lead form is submitted, enrich it, summarize intent with AI, and route it to the right pipeline.","It turns AI from a chat box into a working system across your tools.","Automation gets messy if your process is unclear or your source data is inconsistent.","Map a workflow for new inbound leads: capture, qualify, summarize, assign, and follow up automatically.","March 25, 2026","automation | workflows | agents | apps | no-code"
"Airtable AI","airtable-ai","2026-03-29","Airtable","Airtable combines structured data, workflows, and AI assistance for teams building custom operating systems around real work.","Workspace","Automation | Productivity | Sales","Team | Operator | Agency | Marketer","Medium","Paid","false","https://www.airtable.com/platform/ai","","","No public affiliate program confirmed","A good fit for teams that want AI working inside structured workflows, records, briefs, and operational systems.","Use Airtable AI when the work depends on organized data, repeatable workflows, and AI assistance inside that system.","Best for operations, marketing, agency, and revenue teams managing lots of records, requests, or production steps.","Route inbound leads, enrich the records, summarize the opportunity, and assign the right owner automatically.","It shines when AI needs to act inside structured business systems instead of only responding to one-off prompts.","If your workflow is still loose and unstructured, a general assistant may be easier to start with.","Review these records, flag the top-priority opportunities, summarize why they matter, and suggest the next action for each one.","March 26, 2026","database | workflow | operations | automation | records"
"Beautiful.ai","beautiful-ai","2026-03-28","Beautiful.ai","Beautiful.ai is built around faster presentation creation with structured layouts, business storytelling, and less manual slide design.","Presentations","Presentations | Design | Training","Founder | Marketer | Educator | Team","Easy","Free to try","false","https://www.beautiful.ai/","","","No public affiliate program confirmed","A presentation-first tool for people who need cleaner decks and less time dragging boxes around slides.","Use Beautiful.ai when the real job is explaining an idea clearly in slide form and you want the layout work to fight you less.","Best for founders, marketers, educators, and teams building decks, reports, or training presentations.","Turn a rough sales or investor outline into a cleaner narrative deck without designing every slide by hand.","It is more focused than a general design tool when presentations are the actual deliverable.","If you need broader design flexibility beyond slides, Canva or a more open-ended design tool may feel better.","Turn these rough notes into a 10-slide presentation with a clear narrative, stronger headlines, and one takeaway per slide.","March 26, 2026","presentations | slides | pitch decks | reports | visual storytelling"
"Copy.ai","copy-ai","2026-03-28","Copy.ai","Copy.ai focuses on AI-assisted go-to-market workflows, copy creation, and sales operations help.","Sales","Sales | Writing | Automation","Marketer | Sales team | Founder | Agency","Medium","Free to try","false","https://www.copy.ai/","","","No public affiliate program found","A marketing and sales-focused AI tool for messaging, outreach ideas, and repetitive go-to-market work.","Use Copy.ai when your team is producing lots of outbound copy, campaign ideas, or sales enablement material.","Best for founders, marketers, and sales teams trying to ship messaging faster.","Create a multi-touch outbound sequence for a specific buyer persona and offer.","It is more focused than a general assistant when the work is revenue messaging and GTM repetition.","You still need someone to own positioning and message quality. It should not replace judgment.","Write a 5-touch outbound sequence for this ICP with one value prop per message.","March 25, 2026","sales | outbound | copywriting | campaigns | gtm"
"Gamma","gamma","2026-03-26","Gamma","Gamma focuses on fast presentation and document creation for people who need polished output without design overhead.","Presentations","Presentations | Design | Productivity","Founder | Marketer | Student | Team","Easy","Free to try","false","https://gamma.app/","","","No public affiliate program found","A fast way to turn rough notes into polished decks, one-pagers, and visual explainers.","Use Gamma when you need something more polished than a plain doc and faster than building slides from scratch.","Best for founders, marketers, and students who need to communicate clearly without spending hours designing.","Turn a messy sales narrative into a 10-slide pitch deck with visuals and clean sectioning.","It helps non-designers ship presentations faster while keeping things readable and attractive.","If brand control matters heavily, you may still finish the work in Canva or a traditional deck tool.","Turn these notes into a 10-slide sales deck with a problem, solution, proof, and close.","March 25, 2026","slides | deck | presentations | documents | visuals"
"Gemini","gemini","2026-03-26","Google","Google positions Gemini as an everyday AI assistant tied to productivity, planning, and research workflows.","Assistant","Writing | Productivity | Research","Student | Solo business | Team | Marketer","Easy","Free to try","false","https://gemini.google.com/","","","No public affiliate program found","A practical assistant for writing, planning, brainstorming, and everyday productivity work.","Use Gemini when you want quick help turning rough ideas into plans, lists, drafts, or study materials.","Best for people who want a general assistant with a familiar feel.","Turn a messy launch idea into a week-by-week checklist with owners, deadlines, and risks.","It is approachable for everyday tasks and fast enough for quick planning work.","You will still want a separate tool for deeper automation, specialized research, or standout creative media.","Help me turn this rough idea into a 7-step plan with timelines, blockers, and a simple checklist.","March 25, 2026","planning | brainstorming | writing | productivity"
"Grammarly","grammarly","2026-03-26","Grammarly","Grammarly is focused on writing help inside the places people already work, especially email and documents.","Writing","Writing | Productivity","Writer | Student | Team | Solo business","Easy","Free to try","false","https://www.grammarly.com/","","https://www.grammarly.com/affiliates","Public affiliate program available","The easiest upgrade for people who write all day and want cleaner, faster messages everywhere they work.","Use Grammarly to rewrite, shorten, polish, and improve tone in emails, docs, proposals, and posts.","Best for people who live in email, docs, and browser-based writing tools.","Rewrite a too-long client email so it sounds clearer, warmer, and more decisive.","It adds value inside existing workflows instead of forcing you into a separate AI app.","It is a writing layer, not a full workflow builder or research engine.","Rewrite this message so it is concise, confident, and easier to act on.","March 25, 2026","editing | grammar | rewrite | tone | email"
"Jasper","jasper","2026-03-26","Jasper","Jasper is a marketing-focused AI company built around brand-aware content and team workflows.","Marketing","Writing | SEO | Sales","Marketer | Agency | Team | Founder","Medium","Paid","false","https://www.jasper.ai/","","","No public affiliate program confirmed","A marketing-focused AI workspace built for campaign production, brand voice, and repeatable content operations.","Use Jasper when your team needs brand-consistent content at scale instead of one-off prompting.","Best for marketing teams and agencies managing lots of content output.","Build campaign copy variations that stay within the same brand voice across landing pages, ads, and email.","It is designed more like a marketing system than a casual assistant.","If you only need occasional writing help, a cheaper general assistant may be enough.","Using this brand voice, draft a launch campaign with landing page copy, 3 email variants, and 5 ad hooks.","March 25, 2026","marketing | brand voice | campaigns | copy | teams"
"Krisp","krisp","2026-03-28","Krisp","Krisp is built around cleaner voice communication, meeting assistance, and AI tools that make spoken conversations easier to work with.","Meetings","Meetings | Support | Productivity","Team | Support team | Operator | Founder","Easy","Free to try","false","https://krisp.ai/","","","No public affiliate program confirmed","A practical choice for cleaner meetings because it mixes noise control, transcripts, notes, and AI meeting help in one place.","Use Krisp when audio quality is part of the pain, not just note taking, and you want meetings to sound cleaner while still capturing the takeaways.","Best for remote teams, support-heavy roles, and operators who spend a lot of time on calls in messy audio environments.","Join a noisy customer call, remove background distractions, and still leave with a usable transcript and summary.","It solves both the conversation quality problem and the meeting follow-up problem at the same time.","If you mainly want deep team search or sales workflow automation after meetings, a more specialized meeting platform may feel stronger.","Pull out the important customer issues, promised next steps, and any moments where the speaker sounded uncertain or needed clarification.","March 26, 2026","noise cancellation | meeting notes | transcripts | voice | remote work"
"Midjourney","midjourney","2026-03-26","Midjourney","Midjourney is a style-first image generation company favored for visual mood, concept work, and aesthetics.","Image","Design | Video","Creator | Marketer | Designer | Founder","Medium","Paid","false","https://www.midjourney.com/","","","No public affiliate program found","A favorite for strong visual style, concept art, moodboards, and distinctive AI image generation.","Use Midjourney when visual style matters more than convenience and you want more striking image output.","Best for creative work such as campaigns, concepts, worldbuilding, and brand inspiration.","Create a moodboard for a new brand before hiring a designer or photographer.","It is often the pick for people who care deeply about aesthetics and image quality.","It can take more prompt iteration than beginner-first tools, and it is not the easiest first stop for total beginners.","Create 4 visual directions for this brand concept, each with a different mood, color palette, and art style.","March 25, 2026","images | art | concept | moodboard | branding"
"Murf","murf","2026-03-26","Murf","Murf is an AI voice company focused on business-friendly narration, demos, and presentation voiceovers.","Voice","Voice | Presentations | Video","Marketer | Educator | Creator | Support team","Easy","Free to try","false","https://murf.ai/","","https://murf.ai/partner-with-us/affiliate","Public affiliate program available","A business-friendly voiceover tool for training, demos, explainers, and polished narration.","Use Murf when you need clean voiceovers for presentations, training videos, ads, or product explainers.","Best for educators, marketers, customer support teams, and small businesses making narrated content.","Turn a training deck into a narrated onboarding video without booking a voice actor.","It is easier to control than many creative-first voice tools when the goal is business content.","If you need more experimental voice agents or deep developer tooling, ElevenLabs may go further.","Create a calm, professional voiceover for this 90-second product explainer with natural pauses.","March 25, 2026","voiceover | training | presentation | narration | audio"
"Notion AI","notion-ai","2026-03-26","Notion","Notion blends documents, wikis, databases, and AI into one workspace for teams and operators.","Workspace","Productivity | Writing | Meetings","Team | Solo business | Student | Operator","Medium","Free to try","false","https://www.notion.com/product/ai","","https://www.notion.com/de/affiliates","Affiliate program exists but is currently closed to new applicants","Best when your notes, docs, databases, and project info all need to live in one system.","Use Notion AI to generate docs, summarize knowledge, autofill databases, and keep work organized inside a workspace.","Best for teams or solo operators who want an AI-ready home for docs and systems.","Turn meeting notes into action items and push them into a task database.","It is strongest when AI is embedded directly inside your operating system for work.","You get the most value only if you are willing to build or maintain a structured workspace.","Summarize this page, pull out next actions, and turn them into a simple project tracker.","March 25, 2026","notes | docs | database | workspace | knowledge"
"Otter","otter","2026-03-26","Otter.ai","Otter.ai is known for meeting transcription, note-taking, and searchable conversation records.","Meetings","Meetings | Productivity | Writing","Team | Student | Operator | Founder","Easy","Free to try","false","https://otter.ai/","","","No public affiliate program found","A simple meeting note-taker for transcripts, summaries, and searchable call records.","Use Otter when you mainly want transcripts and meeting notes in an interface that feels simple and familiar.","Best for teams, students, and operators who want less note-taking overhead.","Capture a customer interview, then search the transcript later for objections, requests, and next steps.","It keeps the meeting workflow straightforward and lowers the chance of losing useful details.","If you want more advanced meeting intelligence or partner monetization paths, Fireflies may be stronger.","Summarize this meeting into the top decisions, key questions, and follow-up tasks.","March 25, 2026","transcript | meeting notes | search | summaries | calls"
"Riverside","riverside","2026-03-27","Riverside","Riverside helps creators and teams record remote video and audio with AI help for cleanup and repurposing.","Video","Video | Meetings | Voice","Creator | Podcaster | Agency | Marketer","Easy","Free to try","false","https://riverside.fm/","","https://riverside.fm/affiliate-program","Public affiliate program available","A strong choice for remote interviews, podcasts, webinars, and creator-friendly recording workflows.","Use Riverside when you need cleaner remote recordings and want AI help turning long content into publishable clips.","Best for podcast hosts, creators, educators, and agencies publishing frequent interview content.","Record a remote guest interview, then cut clips, export captions, and publish the best moments quickly.","It brings recording quality and repurposing closer together in one workflow.","If your main job is generating video from scratch instead of recording real people, Runway or Synthesia may fit better.","Find the 5 strongest clip moments in this interview and give each one a headline and caption idea.","March 25, 2026","podcast | remote recording | clips | webinars | captions"
"Runway","runway","2026-03-26","Runway","Runway focuses on AI-powered creative tools for video, motion, and production workflows.","Video","Video | Design","Creator | Marketer | Agency | Founder","Medium","Free to try","false","https://runwayml.com/","","","No public affiliate program found","A strong choice for AI video generation, concept scenes, and fast creative experiments.","Use Runway to generate short video clips, explore visual concepts, and build motion content faster.","Best for creators and marketers producing ads, teasers, music visuals, or storyboards.","Turn a product concept into a short teaser before paying for a full production shoot.","It is built for visual creation, so it fits teams that need motion output rather than text help.","AI video gets expensive and messy without a clear brief. You still need creative direction and taste.","Create a 10-second teaser for this product with 3 camera directions and a premium cinematic feel.","March 25, 2026","video | generation | teasers | storyboard | creative"
"Surfer","surfer","2026-03-29","Surfer","Surfer is built around SEO workflows, content optimization, and search visibility for teams that care about traffic and discoverability.","Marketing","SEO | Writing | Research","Marketer | Agency | Founder | Writer","Medium","Paid","false","https://surferseo.com/","","","Public affiliate program available","A specialist SEO tool for planning content, improving weak pages, and making search-focused writing more systematic.","Use Surfer when you already know SEO matters and you want a tighter content workflow than a general assistant can provide.","Best for marketers, agencies, and founders actively trying to improve rankings, refresh content, or grow search traffic.","Audit an underperforming article, rebuild the outline, and create a stronger content brief for the update.","It is more useful than a generic chatbot when the job is SEO execution instead of casual writing help.","If you do not actually run an SEO workflow, it can feel heavier than the value it returns.","Analyze this target keyword and build a content brief with angle, headings, missing topics, and internal link ideas.","March 26, 2026","seo | content strategy | content optimization | search visibility | briefs"
"Synthesia","synthesia","2026-03-26","Synthesia","Synthesia focuses on AI avatar video for training, onboarding, and business communication.","Video","Video | Training | Presentations","Team | Educator | Support team | Operator","Easy","Paid","false","https://www.synthesia.io/","","","No public affiliate program found","A business-first video tool for training, onboarding, explainers, and internal communication with AI avatars.","Use Synthesia when you need clear explainer or training videos without filming a real presenter each time.","Best for L&D teams, customer support, HR, and businesses that need repeatable instructional content.","Create a new employee onboarding video in multiple languages without organizing a shoot.","It solves the operational side of video better than tools built mainly for cinematic experimentation.","If brand personality or realism matters more than speed, recorded video may still feel stronger.","Turn this onboarding outline into a concise 2-minute training script for a new team member.","March 25, 2026","avatar video | training | onboarding | internal comms | multilingual"
"Writesonic","writesonic","2026-03-26","Writesonic","Writesonic now leans toward AI search visibility, SEO, and content workflows for marketers.","Marketing","SEO | Writing | Research","Marketer | Agency | Solo business | Founder","Medium","Free to try","false","https://writesonic.com/","","https://docs.writesonic.com/docs/writesonic-affiliate-program","Affiliate terms publicly available","A marketing-focused AI tool for content, SEO workflows, and improving brand visibility in AI search.","Use Writesonic when your goal is publishing more search-friendly content and tracking how your brand appears in AI-driven search.","Best for marketers, agencies, and founders who care about traffic and visibility, not just copy generation.","Find weak pages on your site, plan content updates, and build a new article brief around what already ranks.","It is more useful than a generic chat tool when the job is SEO operations instead of casual writing.","It is narrower than a general assistant and may be overkill if you only need occasional copy help.","Give me a content plan for this keyword cluster, including gaps, refresh opportunities, and 3 article briefs.","March 25, 2026","seo | content | marketing | visibility | research"
